tau,lamb_min,lamb_delta,tau_err,lamb_min_err,lamb_delta_err,L,p
22.71963942291872,0.04403365282398505,0.00071003760954478,0.04757685501330326,9.106896964305044e-5,3.956579411269268e-5,1000.0,0.0
23.184365454893737,0.04315102187277346,0.0007388123732464211,0.04840010005817931,8.958728908471535e-5,4.548821682828377e-5,1000.0,0.25
24.293586604633802,0.04118161661224701,0.0007535009254224526,0.052088613336525105,8.715376385282223e-5,3.722376547581729e-5,1000.0,0.5
32.97791331423527,0.030512939234023314,0.0007788757512970552,0.2661382074630255,0.0002389465533503615,5.099086408265567e-5,1000.0,0.75
54.90740240832952,0.018645077042319328,0.0007468421492282087,0.8873515278488098,0.00027848321571898786,6.389293923954648e-5,1000.0,1.0
92.50494319346407,0.011208292328559022,0.000835649591521294,1.8524323318797737,0.00020603314986133926,6.906732688335421e-5,1000.0,1.25
145.2127078180506,0.007353445448999645,0.0005939615283234434,4.145682788750117,0.00017548729419649447,5.142428183431713e-5,1000.0,1.5
234.2031197444139,0.004746516530052262,0.0005305738292752649,9.153107586532148,0.0001376894001088785,4.8027293812769774e-5,1000.0,1.75
354.5871952560291,0.0031347947175717145,0.000530182937626641,13.168266951124656,9.397829174700244e-5,3.817693531914537e-5,1000.0,2.0
